name	support	alternativePlacements	mutations	Ns	length
EPI_ISL_776270	1.0		G22468T,G28878A	{1-55,29838-29891}	0.00006713773603169003
EPI_ISL_498658	1.0		A8081G,C17747T,A17858G,C18060T,T23287C,A24694T,G26227A	{1-17,19293-19551,29870-29870}	0.00023634542535825445
in99	1.0		C8782T,T28144C	{1-17,29870-29870}	0.00006693850597638444
EPI_ISL_418243	1.0		C23707T,T27384C	{29782-29891}	0.00006713812459396017
EPI_ISL_422807	1.0		T1570C,T17247C	{1-54,29830-29891}	0.00006715165118997717
in98	1.0		G11083T,C14805T,G26144T	{29830-29891}	0.00010055652571646746
in97	1.0		T241C,T3037C,T14408C,G23403A	{29870-29870}	0.00013379567496189223
EPI_ISL_543329	0.4881039015061441	in7,EPI_ISL_805346	C5654T,C11620T,C12525T,C18877T,C20480T,G29477T	{1-54,19912-20200,29837-29891}	0.00020339672531272246
EPI_ISL_511090	1.0		G19677T	{1-40,29804-29891}	0.00003358635050715389
EPI_ISL_488346	1.0		G18859T,G21624T,T22325C	{1-54,14691,19473,25970-26219,29837-29891}	0.00010155721057477995
EPI_ISL_735356	0.704442618421835	EPI_ISL_1123478	C2910T,C10560T,T19839C,C21219T	{1-32,29844-29891}	0.00013415239807682146
EPI_ISL_693235	0.9991146406679203		A6424C,A10305C,C12053T,A13917C,C23525T,G25088T	{1-25,29861-29891}	0.00020107687902098958
in93	1.0		G22093T	{1-25,29861-29891}	0.000033509069676214296
EPI_ISL_660231	0.9972672756009464		C3117T,G5857T,C7279T,C20233T,C25427T,C25635T,T25705C,A25814G,C29541T	{1-4,29855-29891}	0.0003015094332294589
EPI_ISL_593076	0.9972672762300884		C920T,A1163T,T7540C,T11541G,G16647T,A17337G,C18555T,G23401A,G29081T	{1-47,29846-29891}	0.00030203707602743875
in92	1.0		G22992A	{1-4,29855-29891}	0.000033495228295141455
EPI_ISL_648211	1.0		C1859T,C4002T,G10097A,C13536T,T14643C,G18985T,C23058T,C23731T,G29422T	{1-27,29-29,29796-29891}	0.00030232115502091617
EPI_ISL_541369	1.0		C2675T,T27299C,T29148C	{1-4,29858-29891}	0.00010046324724562823
EPI_ISL_780809	1.0		C346T,C13667T,G18412T	{1-2,29875-29891}	0.00010039824637729661
EPI_ISL_684742	1.0		C2062T,G26730A	{1-54,29836-29891}	0.00006713746446219179
EPI_ISL_1125068	1.0		C6433T,C15738T,G25049T	{1-54,29836-29891}	0.00010071733817344663
EPI_ISL_898791	1.0		C7321T,C8917T,C9803T,C10156T,C17397T,G18790A,C28253T,C29679T	{1-76,29842-29891}	0.00026875399052961167
EPI_ISL_1123611	1.0		C203T,G1738A,A6592G,C15026T,G17019T,G17562T,A20262G,C22498T,G28541A	{1-54,29836-29891}	0.0003021858116626871
in86	1.0		C18167T,G21518T,G28975T	{1-54,29842-29891}	0.00010068634619115611
EPI_ISL_687392	0.9998712273122398		T4346C,T8076C,C9286T,C10376T,C14708T,C15024T,C16887T,T27203C,C27630T,C28725T,G29692T	{1-77,29844-29891}	0.00036954087369181477
EPI_ISL_959994	0.9998395603270853		C180T,T241C,C245T,A1039C,T3823C,G3838T,G10105T,C13665T,C17634T,G26262T,G28086T,G28326T,T29581C	{1-2,5159-5223,22641-22722,29863-29891}	0.00043753856515279355
EPI_ISL_889237	0.9998044664177493		C21T,G4510A,C5724T,C7765T,G13627T,C13821T,G14575T,G15438T,T16950C,T21111C,C23604A,C23683T,G25785T,C28000T,G29179T,G29260T,C29545A	{1-11,29858-29891}	0.0005696923661933084
in82	1.0		C313T	{1-2,29863-29891}	0.00003347775923144834
EPI_ISL_1123478	0.8082193781527299	EPI_ISL_735356	C14340T,G17551A,C18877T,G18972T,A19167G,C19274A,T19839C,G22017T,G23012A,G23868T,A23947C,T24280C,T26604C,C27213T,C28833T,G29527T	{1-54,28271-28271,29837-29891}	0.0005373334826597592
EPI_ISL_804590	1.0		C16163T,G27987T,G28141T	{1-100,120-126,169-191,269-293,19188-19188,23855-23918,27319-27319,29716-29891}	0.00010170717797968051
EPI_ISL_1153312	1.0		C583T,C1191A,G2144T,A3647G,G4126A,C5284T,C14571T,C15579T,C16111T,C18647T,C21590T,C22006T,A25122C,T26182C,T27319C,C27513T,A29707G,C29769T	{1-8,25913-25913,29867-29868}	0.0005913891370021112
in80	1.0		G9130T,G28487A,C28868T,G29706T	{1-8,29867-29868}	0.0001472024173225368
EPI_ISL_1169858	1.0		C19806T,A25859G,G28202T	{1-17,11288-11296,21765-21770,21991-21993,28271-28271,29867-29891}	0.00010056085715518757
EPI_ISL_938488	1.0		G13765T,C24418T	{1-54,11288-11296,21765-21770,21991-21993,28271-28271,29837-29891}	0.0000671749571759648
EPI_ISL_1061866	1.0		C11455T,G18443T	{1-54,11288-11296,21765-21770,21991-21993,28271-28271,29837-29891}	0.0000671749571759648
EPI_ISL_1104194	0.9997989133300946		C3966T	{1-54,11288-11296,21765-21770,21991-21993,28271-28271,29837-29891}	0.00003358747672899103
EPI_ISL_957223	0.9997988930730084		C7164T,C21855T,G21974C,A28295G	{1-54,10594,11288-11296,21765-21770,21991-21993,28271-28271,28651,29837-29891}	0.00013436495768643148
in76	1.0		C2453T	{1-54,11288-11296,21765-21770,21991-21993,28271-28271,29837-29891}	0.000033587476729011846
EPI_ISL_757003	0.9998123615869673		C9214T,C23525T	{1-54,11288-11296,21765-21770,21991-21993,28271-28271,29837-29891}	0.00006717721359726113
EPI_ISL_972707	0.9997654640159245		C2110T,C13176T	{1-54,11288-11296,21765-21770,21991-21993,28271-28271,29837-29891}	0.00006717721356497894
in75	1.0		C3177T	{1-54,11288-11296,21765-21770,21991-21993,28271-28271,29837-29891}	0.00003358785469913463
EPI_ISL_1070776	1.0		C8208T,T8269C,C25710T,G29440A	{1-54,11288-11296,11394,21765-21770,21991-21993,28271-28271,29837-29891}	0.00013436194874666288
EPI_ISL_898003	1.0		C14220T	{1-54,11288-11296,21765-21770,21991-21993,28271-28271,29837-29891}	0.000033587478605498626
EPI_ISL_1157303	1.0		G2204A	{1-10,4579-4579,11288-11296,21765-21770,21991-21993,24054-24054,28095-28095,28271-28271,29855-29891}	0.00003351992765977606
EPI_ISL_1111748	1.0		T7835C,C11001T,G21641T,T27292C,C27625T	{1-28,11288-11296,21765-21770,21991-21993,28271-28271,29837-29891}	0.00016780963680049622
EPI_ISL_1210965	1.0		C3987T,T8071C,C15026T,C17977T,C25460T,A28880G	{1-4,11288-11296,21765-21770,21991-21993,28271-28271,29862-29891}	0.0002010499274990002
in71	0.9999722451506631		C5944T,G28884C	{1-4,11288-11296,21765-21770,21991-21993,28271-28271,29862-29891}	0.00006700691308192223
EPI_ISL_1066398	0.9999609434520983		C5672T,G25785T,G29764A	{1-54,11288-11296,21765-21770,21991-21993,28271-28271,29837-29891}	0.00010077146183797094
EPI_ISL_1218207	0.9999610115820078		C4890T,C21008T,C23758T	{1-23,11288-11296,21765-21770,21991-21993,28271-28271,29858-29869,29886-29891}	0.00010053731617594834
EPI_ISL_1102985	0.9999384931139614		G160T,G174T,C7735T,G12070T,G27601T	{1-54,11288-11296,21765-21770,21991-21993,28271-28271,29837-29891}	0.00016795619708684376
in68	1.0		T15096C	{1-4,11288-11296,21765-21770,21991-21993,28271-28271,29862-29869,29886-29891}	0.00003348401138456387
EPI_ISL_943493	0.9998824270681853		A604C,C1009T,A1643T,C2434T,C12369T,C13517T,A16981G,T28251C,C28253T,A28254C	{1-54,11288-11296,21765-21770,21991-21993,28271-28271,29837-29891}	0.0003359688221353191
EPI_ISL_1046005	0.9999272765965822		C1191T,T1195C,T4171C,A21096G,A27061G,C27654T	{1-54,5533,11288-11296,21765-21770,21991-21993,28271-28271,29837-29891}	0.00020155646382901874
EPI_ISL_718601	1.0		C11565T	{1-54,11288-11296,15672,21765-21770,21991-21993,28271-28271,29837-29891}	0.00003358935934070223
EPI_ISL_1216487	1.0		C2544T,T3038C,C12809T,G13249A,T26604C	{1-3,11288-11296,18348-18348,21765-21770,21991-21993,28095-28095,28271-28271,29868-29868}	0.00016738082507229904
in65	0.9999810248578489		C2110T,C14120T	{1-3,11288-11296,21765-21770,21991-21993,28271-28271,29868-29868}	0.00006694234270568391
EPI_ISL_1165044	0.9999271893577066		C13536T,G14635A,C15714T,C17939T,C25708T,T29023G	{1-49,11288-11296,19293-19387,21765-21770,21991-21993,28271-28271}	0.0002017914598130564
in63	1.0		A28095T	{1-3,11288-11296,21765-21770,21991-21993,28271-28271}	0.000033475230963083376
EPI_ISL_769107	0.9996580572425788		C11300T,C12102T	{1-54,11288-11296,21765-21770,21991-21993,28006-28081,28271-28271,29357-29510,29837-29891}	0.00006770107655479619
EPI_ISL_1186584	0.9996600611489177		C125T,C3045T,C13426T,C16173T,C29362T	{1-54,11288-11296,21765-21770,21991-21993,28271-28271,29837-29891}	0.0001598619965054739
in61	1.0		G3638T	{1-54,11288-11296,21765-21770,21991-21993,28271-28271,29837-29891}	0.000040360209478700106
EPI_ISL_963811	1.0		C9712T,G22232C,A26174G	{1-54,6790,11288-11296,21765-21770,21991-21993,28271-28271,29837-29891}	0.00010076807671120764
EPI_ISL_1118170	1.0		A7219G,G8084A,C11497T,C20930T	{1-12,11288-11296,21765-21770,21991-21993,28271-28271}	0.00013392259274139549
EPI_ISL_1045729	0.9999272774107854		C4573T,G10618A,G18186T,C19380T,C26681T,C28928A	{1-54,11288-11296,21765-21770,21991-21993,28271-28271,29837-29891}	0.0002015609781977811
EPI_ISL_1118166	0.9999275136506679		T4167C,C12854T,C16391T,G26730C,C27610T,C29109A	{1-4,11288-11296,21765-21770,21991-21993,28271-28271}	0.00020085474916643054
EPI_ISL_1093349	0.9999384931158501		G910C,C13761T,C16468T,C17999T,T26987C	{1-54,11288-11296,21765-21770,21991-21993,28271-28271,29837-29891}	0.00016795619714972797
EPI_ISL_1046339	0.9999272774107854		G1729A,A2510G,T4324C,C6428T,C22208T,C28706T	{1-54,11288-11296,21765-21770,21991-21993,28271-28271,29837-29891}	0.00020155420690937462
EPI_ISL_987872	0.9999384924272258		G8600T,C20762T,C24378T,G25009A,C25624T	{1-54,11288-11296,21765-21770,21991-21993,25202,28271-28271,29837-29891}	0.00016795807768479643
EPI_ISL_718741	1.0		C2940T,G6653A,G21624A,C25904T,C27603T	{1-54,11288-11296,21765-21770,21991-21993,28271-28271,29837-29891}	0.0001679656022331401
EPI_ISL_1148223	1.0		C2062T,A6248T,T6262C,C29218T	{1-30,1681-1681,11288-11296,21765-21770,21991-21993,26010-26010,27451-27451,28271-28271,29800-29800}	0.000134031788693872
in49	1.0		T8603C,G25437T	{1-30,11288-11296,21765-21770,21991-21993,28271-28271}	0.00006700407646351543
in48	1.0		A17615G	{1-4,11288-11296,21765-21770,21991-21993,28271-28271}	0.00003346850821607968
EPI_ISL_959039	1.0		C5512T,C6525T,A16748G,C28725T,C29272T	{1-54,11288-11296,13620,21765-21770,21991-21993,23693,25563,28271-28271,29837-29891}	0.00016796560149581874
in46	1.0		T6954C,C23604A,G24914C	{1-3,11288-11296,21765-21770,21991-21993,28271-28271}	0.00010043460850499083
in45	1.0		C913T,C3267T,C5388A,C5986T,C14676T,C15279T,T16176C,A23063T,C23271A,C23709T,T24506G,C27972T,G28048T,A28111G,G28280C,A28281T,T28282A,C28977T	{1-3,11288-11296,21765-21770,21991-21993,28271-28271}	0.0006036162039630571
in44	1.0		G28881A,G28882A,G28883C	{1-2}	0.0001003428342042036
EPI_ISL_488994	0.5000582572264023	in7	C16289T,C21304A,G21305A,G25429T,C29679T	{1-54,29837-29891}	0.00016785470530391482
EPI_ISL_475661	1.0		C13536T	{}	0.00003344257909169955
EPI_ISL_994697	0.9908503712201802		A12T,C1093T,C3602T,C7488A,A9547G,C11916T,C12932T,C16650T,G17572T,G18027T,A20675T,C29095T,G29179T,G29755T,G29779T	{1-9,19285-19369,19485-19561,27626-27646,29736-29743,29842-29891}	0.0005061127169889893
EPI_ISL_622631	0.9934321673384925		T358C,C1302T,G4288A	{1-54,635-635,4540-4540,29837-29891}	0.00010070944208225366
EPI_ISL_494504	0.9999497387707758		A9562G,G16710A,G17893T,C21575T	{1-54,29837-29891}	0.00013428299808604854
EPI_ISL_653586	0.9999274585620892		T833C,A3627G,C11514T,A17614G,G20342T,T21802C	{29841-29891}	0.00020104319140703695
EPI_ISL_571777	0.9999720092805583		G1067A,A29122G	{1-54,23501-23596,23695-23812,29837-29891}	0.00006762714563847422
EPI_ISL_889760	0.99984893613718		T1482A,C7321T,C7834T,C10030T,A11782G,G14584A,C16694T,T17407C,C21057T,A25105G,G25234A,T27988C,C28892T	{29841-29891}	0.00043568603843191506
EPI_ISL_1029413	1.0		A1850C,C3448T,G9928T,C17747T,A25768C,C27923T,G29422T	{1-54,29768-29891}	0.00023558448149665356
EPI_ISL_1114062	1.0		C203T,C2094T,G8083A,C8123T,T12034C,C14805T,G26654T,C27509T,G29402T	{1-54,29837-29891}	0.0003022061100288138
in37	0.5002559674844105	EPI_ISL_1080295	A18424G,C21304T,G25907T,C28472T,C28869T	{1-54,29837-29891}	0.0001678781740151541
EPI_ISL_1080295	0.5006004427220271	in37	C17024T,C25342A	{1-47,512,10146,16868-16868,18424,21304,22327-22526,24359-24359,24405-24405,25907,28472,28869,29852-29891}	0.00006754855052917873
in35	1.0		C10319T	{29852-29891}	0.000033487560698228915
in34	0.9934949233748324		C27964T	{29852-29891}	0.0000334873753012435
EPI_ISL_1041476	0.9999760974498849		G2323A,A2410G,T9867C,T12454C,G13762A,A16500C,A20262G,C21575T,C21846T,A22320G,C25517T,T25745C,C27925T,C28869T,G28975A	{1-17,11288-11296,28271-28271,29784-29891}	0.0005042693200146888
EPI_ISL_1057074	0.994911856446182		A143T,G174T,C936T,A2692T,G5230T,T9421C,A10323G,C19263T,G21157A,C21614T,A21801C,A22206G,G22813T,A23063T,C25904T,C26456T,C26645T,C28253T,C28887T	{1-54,11288-11296,22281-22289,22434-22542,29837-29891}	0.0006409752052367152
in33	0.9934439166382085		G23012A,C23664T	{1-17,11288-11296,29837-29891}	0.0000671006888240743
EPI_ISL_618110	0.9933618987569787		C1519T,C2455T,A3027G,G3122T,C5339T,C7267T,T8788C,G19072T,G26951A	{1-54,29837-29891}	0.0003021689014508987
EPI_ISL_979473	1.0		C3817T,G9738C,C13019T,G13713A,C16394T,G22335T,C22458T,C22597T,C23191T,C26351T,C28087T,C28367T,C29445T	{1-54,21717-21737,21960-21990,29837-29891}	0.00043740623041435794
EPI_ISL_1140017	1.0		C2395T,T2597C,T2643C,G5008T,T7156A,T7157C,G7160C,A7591G,C8947T,C12100T,A12878G,T23155C,T24349C,G27890T,G28191T,G28975T,C29585T	{1-54,21887-21990,29837-29891}	0.0005730466171747769
in28	0.9933734746868912		G17014T,G21600T,G22018T,T22917G,C26681T,A28272T,C28887T,C29362T	{1-54,21960-21990,29837-29891}	0.0002689575225219684
in27	1.0		C1059T	{}	0.00003344276516904449
EPI_ISL_805346	0.9309587022870983	EPI_ISL_543329	C1913T,C2416T,G2528A,T3325C,C10456T,C12525T,C16806T,G20014T,A25718G	{1-27,23122,29866-29891}	0.0003016085792387138
EPI_ISL_1085550	0.9052588533252869	EPI_ISL_543329,EPI_ISL_914595	C4543T,G5629T,G9526T,G9761T,C11497T,G13993T,G15766T,A16889G,G17019T,G17761T,C18877T,G21941T,G22346T,G22992A,C24621T,C25710T,G26062T,C26735T,T26876C,G28975C,G29399A	{1-37,29857-29891}	0.0007044694679264586
in25	1.0		G25563T	{}	0.000033442579969418535
EPI_ISL_1142098	0.5000580983463522	in7	T2845C,C3276A,C3602T,C3653T,A4209G,G6341T,C6941T,C11020T,C15324T,T17407C,C18788T,G20718T,C21855T,A25505G,G25906C,G25996T,C26340T,C28651T,C28869T	{1-54,27366-27366,27376-27376,29495-29496,29501-29502,29505-29505,29507-29507,29509-29891}	0.0006454096653743667
EPI_ISL_625407	0.5309037517755013	EPI_ISL_823224	C24334T	{1-54,29837-29891}	0.00003356493146028482
EPI_ISL_1148441	1.0		C6040T,T7076C,G7693A,T15726C,G20274T,C26013T,G26801T,G27870T	{1-12,29867-29867}	0.00026772268400345
EPI_ISL_642391	0.9998124886125772		C7843T,C22329T	{1-54,29837-29891}	0.00006713436959036409
EPI_ISL_580767	0.9998124886125772		G22205C,T28516C	{1-54,29837-29891}	0.00006713436956652706
in22	0.5309037522099518	EPI_ISL_823224	C11396T	{1-54,29837-29891}	0.000033567621887016336
EPI_ISL_823224	1.0		C13554T,C15480T,A19821G,T25655C,C28087T,G29861A,G29862A,G29864A,T29867A,G29868A,C29870A	{1-17,29837-29859}	0.0003656757138029716
in20	1.0		G204T,C21614T	{1-12}	0.00007245222562806112
EPI_ISL_737654	1.0		T1216C,A21222T,C25889T	{1-29,12119,19298-19548,22347-22374,25584,29869-29891}	0.0001014633267978724
EPI_ISL_633995	1.0		C66T,A1987G,G6476T,G10870T,A11781G,G19613T,C25614T,G25699T,C28256T	{1-54,29837-29891}	0.0003021689013566786
in18	1.0		C27944T	{1-12}	0.00003345619168050902
EPI_ISL_643972	1.0		C17004T,G23311C,C27213T,T29185A	{1-54,29837-29891}	0.00013427324679952596
EPI_ISL_675244	0.9999426454598925		T10999C,G23868T	{1-54,29357-29510,29837-29891}	0.00006748553648072757
EPI_ISL_711479	1.0		G22104T,T24814C,G25757T,T26043C	{1-54,29837-29891}	0.00013427324619092482
EPI_ISL_656195	1.0		G5461C,A13285G,T20907A,C23707T	{1-54,686-694,10738-10873,29837-29891}	0.00013493607449870888
EPI_ISL_606257	1.0		T8662C,T10612A,A24813G,C28519T	{1-54,29837-29891}	0.00013429047962000795
in15	1.0		T20661C,C29366T,C29386T	{1-54,29837-29891}	0.0001007089441022949
EPI_ISL_1194593	1.0		G1685A,C10833T,C16308T,A20284G,T22768C,C25886T,G29402T	{1-38,22342-22346,22362-22369,22371-22374,22377-22379,22384-22404,22420-22423,22517-22523,29844-29891}	0.00023524140295865306
in14	1.0		C222T	{1-38,29844-29891}	0.00003354362447384545
EPI_ISL_931036	1.0		C12809T,G28209T,C28344T	{1-38,21163-21224,21347-21371,22341-22342,29852-29891}	0.00010089799212995662
EPI_ISL_1208482	1.0		C5170T,G11083T,G11132T,G26062T,C27982T,G29751T	{1-39,3869,22342-22342,29852-29891}	0.0002012364866379753
in10	1.0		T445C,C6286T,G21255C,C22227T,C26801G,C28932T,G29645T	{1-12}	0.00023423905768973362
EPI_ISL_610745	1.0		A1371G,C1385T,C6896T,C9532T,C11224T,C14358T,C16323T,G18972T,A19175C,C20930T,C22987T,G23593T,T28098C,T28251G,T28282A	{1-54,29837-29891}	0.000503790649607845
EPI_ISL_843183	1.0		G1444T,A4870G,C5310T,G6618A,C10741T,C14786T,C17518T,C19186T,C23604A,T24076C,C28887T,G29266A,T29710C,A29869C	{1-37}	0.0004646097790989628
EPI_ISL_869222	1.0		C583T,A6211G,G6404T,C8476T,C11575T,A18518G,C19029T,A19799G,G21974T,A25136C,G25489T,G25726T,C27944T,C28087T,C28311T,T28738A,C29358T,C29545T	{1-54,16255-16256,24981-24982,29837-29891}	0.0006046829583282662
in8	1.0		A20268G,C28854T	{1-37}	0.0000710154350313025
EPI_ISL_914595	0.7899090815822319	in27	C1059T,C7728T,T22873C,G25563T,C28609T,G28621A,G28899T,G28985T,G29395A,G29628T,G29861A,G29864A,T29867A	{1-12,15952-15952,19395-19395,19399-19399,19432-19454,29809-29814,29816-29859}	0.0004364144855663225
in7	0.1555898778844948	EPI_ISL_469674,EPI_ISL_488994,EPI_ISL_543329,EPI_ISL_559392,EPI_ISL_1142098,EPI_ISL_1085550,EPI_ISL_805346	G29862A,G29868A,C29870A	{1-12}	0.00010040289707030036
EPI_ISL_559392	0.5000582314781351	in7	G25217T,C25350T,C25731T	{1-54,29837-29891}	0.0001007038078485493
EPI_ISL_469674	0.5000582572264023	in7	A187G,G15543T,A17205G,C19066A,C25584T	{1-54,29837-29891}	0.0001678509484416223
in2	1.0		T15952C,A20980G	{}	0.00006688813796421376
