taxon,Ns,alternativePlacements,mutations,support
EPI ISL 776270,"['1-55', '29838-29891']","['}', 'mutations={G22468T:1.0', 'G28878A:1.0']",,1.0
EPI ISL 498658,"['1-17', '19293-19551', '29870-29870']","['}', 'mutations={A8081G:1.0', 'C17747T:1.0', 'A17858G:1.0', 'C18060T:1.0', 'T23287C:1.0', 'A24694T:1.0', 'G26227A:1.0']",,1.0
EPI ISL 418243,['29782-29891'],"['}', 'mutations={C23707T:1.0', 'T27384C:1.0']",,1.0
EPI ISL 422807,"['1-54', '29830-29891']","['}', 'mutations={T1570C:1.0', 'T17247C:1.0']",,1.0
EPI ISL 543329,"['1-54', '19912-20200', '29837-29891']","['in7:0.48799013517601536', 'EPI_ISL_805346:0.02390596331784047']","['C5654T:1.0', 'C11620T:1.0', 'C12525T:1.0', 'C18877T:1.0', 'C20480T:1.0', 'G29477T:1.0']",0.4881039015061441
EPI ISL 511090,"['1-40', '29804-29891']","['}', 'mutations={G19677T:1.0']",,1.0
EPI ISL 488346,"['1-54', '14691', '19473', '25970-26219', '29837-29891']","['}', 'mutations={G18859T:1.0', 'G21624T:1.0', 'T22325C:1.0']",,1.0
EPI ISL 735356,"['1-32', '29844-29891']","['EPI_ISL_1123478:0.29493318591103085}', 'mutations={C2910T:1.0', 'C10560T:1.0', 'T19839C:1.0', 'C21219T:1.0']",,0.704442618421835
EPI ISL 693235,"['1-25', '29861-29891']","['}', 'mutations={A6424C:1.0', 'A10305C:1.0', 'C12053T:1.0', 'A13917C:1.0', 'C23525T:1.0', 'G25088T:1.0']",,0.9991146406679203
EPI ISL 660231,"['1-4', '29855-29891']","['}', 'mutations={C3117T:1.0', 'G5857T:1.0', 'C7279T:1.0', 'C20233T:1.0', 'C25427T:1.0', 'C25635T:1.0', 'T25705C:1.0', 'A25814G:1.0', 'C29541T:1.0']",,0.9972672756009464
EPI ISL 593076,"['1-47', '29846-29891']","['}', 'mutations={C920T:1.0', 'A1163T:1.0', 'T7540C:1.0', 'T11541G:1.0', 'G16647T:1.0', 'A17337G:1.0', 'C18555T:1.0', 'G23401A:1.0', 'G29081T:1.0']",,0.9972672762300884
EPI ISL 648211,"['1-27', '29-29', '29796-29891']","['}', 'mutations={C1859T:1.0', 'C4002T:1.0', 'G10097A:1.0', 'C13536T:1.0', 'T14643C:1.0', 'G18985T:1.0', 'C23058T:1.0', 'C23731T:1.0', 'G29422T:1.0']",,1.0
EPI ISL 541369,"['1-4', '29858-29891']","['}', 'mutations={C2675T:1.0', 'T27299C:1.0', 'T29148C:1.0']",,1.0
EPI ISL 780809,"['1-2', '29875-29891']","['}', 'mutations={C346T:1.0', 'C13667T:1.0', 'G18412T:1.0']",,1.0
EPI ISL 684742,"['1-54', '29836-29891']","['}', 'mutations={C2062T:1.0', 'G26730A:1.0']",,1.0
EPI ISL 1125068,"['1-54', '29836-29891']","['}', 'mutations={C6433T:1.0', 'C15738T:1.0', 'G25049T:1.0']",,1.0
EPI ISL 898791,"['1-76', '29842-29891']","['}', 'mutations={C7321T:1.0', 'C8917T:1.0', 'C9803T:1.0', 'C10156T:1.0', 'C17397T:1.0', 'G18790A:1.0', 'C28253T:1.0', 'C29679T:1.0']",,1.0
EPI ISL 1123611,"['1-54', '29836-29891']","['}', 'mutations={C203T:1.0', 'G1738A:1.0', 'A6592G:1.0', 'C15026T:1.0', 'G17019T:1.0', 'G17562T:1.0', 'A20262G:1.0', 'C22498T:1.0', 'G28541A:1.0']",,1.0
EPI ISL 687392,"['1-77', '29844-29891']","['}', 'mutations={T4346C:1.0', 'T8076C:1.0', 'C9286T:1.0', 'C10376T:1.0', 'C14708T:1.0', 'C15024T:1.0', 'C16887T:1.0', 'T27203C:1.0', 'C27630T:1.0', 'C28725T:1.0', 'G29692T:1.0']",,0.9998712273122398
EPI ISL 959994,"['1-2', '5159-5223', '22641-22722', '29863-29891']","['}', 'mutations={C180T:1.0', 'T241C:1.0', 'C245T:1.0', 'A1039C:1.0', 'T3823C:1.0', 'G3838T:1.0', 'G10105T:1.0', 'C13665T:1.0', 'C17634T:1.0', 'G26262T:1.0', 'G28086T:1.0', 'G28326T:1.0', 'T29581C:1.0']",,0.9998395603270853
EPI ISL 889237,"['1-11', '29858-29891']","['}', 'mutations={C21T:1.0', 'G4510A:1.0', 'C5724T:1.0', 'C7765T:1.0', 'G13627T:1.0', 'C13821T:1.0', 'G14575T:1.0', 'G15438T:1.0', 'T16950C:1.0', 'T21111C:1.0', 'C23604A:1.0', 'C23683T:1.0', 'G25785T:1.0', 'C28000T:1.0', 'G29179T:1.0', 'G29260T:1.0', 'C29545A:1.0']",,0.9998044664177493
EPI ISL 1123478,"['1-54', '28271-28271', '29837-29891']","['EPI_ISL_735356:0.19178062184726996}', 'mutations={C14340T:1.0', 'G17551A:1.0', 'C18877T:1.0', 'G18972T:1.0', 'A19167G:1.0', 'C19274A:1.0', 'T19839C:1.0', 'G22017T:1.0', 'G23012A:1.0', 'G23868T:1.0', 'A23947C:1.0', 'T24280C:1.0', 'T26604C:1.0', 'C27213T:1.0', 'C28833T:1.0', 'G29527T:1.0']",,0.8082193781527299
EPI ISL 804590,"['1-100', '120-126', '169-191', '269-293', '19188-19188', '23855-23918', '27319-27319', '29716-29891']","['}', 'mutations={C16163T:1.0', 'G27987T:1.0', 'G28141T:1.0']",,1.0
EPI ISL 1153312,"['1-8', '25913-25913', '29867-29868']","['}', 'mutations={C583T:1.0', 'C1191A:1.0', 'G2144T:1.0', 'A3647G:1.0', 'G4126A:1.0', 'C5284T:1.0', 'C14571T:1.0', 'C15579T:1.0', 'C16111T:1.0', 'C18647T:1.0', 'C21590T:1.0', 'C22006T:1.0', 'A25122C:1.0', 'T26182C:1.0', 'T27319C:1.0', 'C27513T:1.0', 'A29707G:1.0', 'C29769T:1.0']",,1.0
EPI ISL 1169858,"['1-17', '11288-11296', '21765-21770', '21991-21993', '28271-28271', '29867-29891']","['}', 'mutations={C19806T:1.0', 'A25859G:1.0', 'G28202T:1.0']",,1.0
EPI ISL 938488,"['1-54', '11288-11296', '21765-21770', '21991-21993', '28271-28271', '29837-29891']","['}', 'mutations={G13765T:1.0', 'C24418T:1.0']",,1.0
EPI ISL 1061866,"['1-54', '11288-11296', '21765-21770', '21991-21993', '28271-28271', '29837-29891']","['}', 'mutations={C11455T:1.0', 'G18443T:1.0']",,1.0
EPI ISL 1104194,"['1-54', '11288-11296', '21765-21770', '21991-21993', '28271-28271', '29837-29891']","['}', 'mutations={C3966T:1.0']",,0.9997989133300946
EPI ISL 957223,"['1-54', '10594', '11288-11296', '21765-21770', '21991-21993', '28271-28271', '28651', '29837-29891']","['}', 'mutations={C7164T:1.0', 'C21855T:1.0', 'G21974C:1.0', 'A28295G:1.0']",,0.9997988930730084
EPI ISL 757003,"['1-54', '11288-11296', '21765-21770', '21991-21993', '28271-28271', '29837-29891']","['}', 'mutations={C9214T:1.0', 'C23525T:1.0']",,0.9998123615869673
EPI ISL 972707,"['1-54', '11288-11296', '21765-21770', '21991-21993', '28271-28271', '29837-29891']","['}', 'mutations={C2110T:1.0', 'C13176T:1.0']",,0.9997654640159245
EPI ISL 1070776,"['1-54', '11288-11296', '11394', '21765-21770', '21991-21993', '28271-28271', '29837-29891']","['}', 'mutations={C8208T:1.0', 'T8269C:1.0', 'C25710T:1.0', 'G29440A:1.0']",,1.0
EPI ISL 898003,"['1-54', '11288-11296', '21765-21770', '21991-21993', '28271-28271', '29837-29891']","['}', 'mutations={C14220T:1.0']",,1.0
EPI ISL 1157303,"['1-10', '4579-4579', '11288-11296', '21765-21770', '21991-21993', '24054-24054', '28095-28095', '28271-28271', '29855-29891']","['}', 'mutations={G2204A:1.0']",,1.0
EPI ISL 1111748,"['1-28', '11288-11296', '21765-21770', '21991-21993', '28271-28271', '29837-29891']","['}', 'mutations={T7835C:1.0', 'C11001T:1.0', 'G21641T:1.0', 'T27292C:1.0', 'C27625T:1.0']",,1.0
EPI ISL 1210965,"['1-4', '11288-11296', '21765-21770', '21991-21993', '28271-28271', '29862-29891']","['}', 'mutations={C3987T:1.0', 'T8071C:1.0', 'C15026T:1.0', 'C17977T:1.0', 'C25460T:1.0', 'A28880G:1.0']",,1.0
EPI ISL 1066398,"['1-54', '11288-11296', '21765-21770', '21991-21993', '28271-28271', '29837-29891']","['}', 'mutations={C5672T:1.0', 'G25785T:1.0', 'G29764A:1.0']",,0.9999609434520983
EPI ISL 1218207,"['1-23', '11288-11296', '21765-21770', '21991-21993', '28271-28271', '29858-29869', '29886-29891']","['}', 'mutations={C4890T:1.0', 'C21008T:1.0', 'C23758T:1.0']",,0.9999610115820078
EPI ISL 1102985,"['1-54', '11288-11296', '21765-21770', '21991-21993', '28271-28271', '29837-29891']","['}', 'mutations={G160T:1.0', 'G174T:1.0', 'C7735T:1.0', 'G12070T:1.0', 'G27601T:1.0']",,0.9999384931139614
EPI ISL 943493,"['1-54', '11288-11296', '21765-21770', '21991-21993', '28271-28271', '29837-29891']","['}', 'mutations={A604C:1.0', 'C1009T:1.0', 'A1643T:1.0', 'C2434T:1.0', 'C12369T:1.0', 'C13517T:1.0', 'A16981G:1.0', 'T28251C:1.0', 'C28253T:1.0', 'A28254C:1.0']",,0.9998824270681853
EPI ISL 1046005,"['1-54', '5533', '11288-11296', '21765-21770', '21991-21993', '28271-28271', '29837-29891']","['}', 'mutations={C1191T:1.0', 'T1195C:1.0', 'T4171C:1.0', 'A21096G:1.0', 'A27061G:1.0', 'C27654T:1.0']",,0.9999272765965822
EPI ISL 718601,"['1-54', '11288-11296', '15672', '21765-21770', '21991-21993', '28271-28271', '29837-29891']","['}', 'mutations={C11565T:1.0']",,1.0
EPI ISL 1216487,"['1-3', '11288-11296', '18348-18348', '21765-21770', '21991-21993', '28095-28095', '28271-28271', '29868-29868']","['}', 'mutations={C2544T:1.0', 'T3038C:1.0', 'C12809T:1.0', 'G13249A:1.0', 'T26604C:1.0']",,1.0
EPI ISL 1165044,"['1-49', '11288-11296', '19293-19387', '21765-21770', '21991-21993', '28271-28271']","['}', 'mutations={C13536T:1.0', 'G14635A:1.0', 'C15714T:1.0', 'C17939T:1.0', 'C25708T:1.0', 'T29023G:1.0']",,0.9999271893577066
EPI ISL 769107,"['1-54', '11288-11296', '21765-21770', '21991-21993', '28006-28081', '28271-28271', '29357-29510', '29837-29891']","['}', 'mutations={C11300T:1.0', 'C12102T:1.0']",,0.9996580572425788
EPI ISL 1186584,"['1-54', '11288-11296', '21765-21770', '21991-21993', '28271-28271', '29837-29891']","['}', 'mutations={C125T:1.0', 'C3045T:1.0', 'C13426T:1.0', 'C16173T:1.0', 'C29362T:1.0']",,0.9996600611489177
EPI ISL 963811,"['1-54', '6790', '11288-11296', '21765-21770', '21991-21993', '28271-28271', '29837-29891']","['}', 'mutations={C9712T:1.0', 'G22232C:1.0', 'A26174G:1.0']",,1.0
EPI ISL 1118170,"['1-12', '11288-11296', '21765-21770', '21991-21993', '28271-28271']","['}', 'mutations={A7219G:1.0', 'G8084A:1.0', 'C11497T:1.0', 'C20930T:1.0']",,1.0
EPI ISL 1045729,"['1-54', '11288-11296', '21765-21770', '21991-21993', '28271-28271', '29837-29891']","['}', 'mutations={C4573T:1.0', 'G10618A:1.0', 'G18186T:1.0', 'C19380T:1.0', 'C26681T:1.0', 'C28928A:1.0']",,0.9999272774107854
EPI ISL 1118166,"['1-4', '11288-11296', '21765-21770', '21991-21993', '28271-28271']","['}', 'mutations={T4167C:1.0', 'C12854T:1.0', 'C16391T:1.0', 'G26730C:1.0', 'C27610T:1.0', 'C29109A:1.0']",,0.9999275136506679
EPI ISL 1093349,"['1-54', '11288-11296', '21765-21770', '21991-21993', '28271-28271', '29837-29891']","['}', 'mutations={G910C:1.0', 'C13761T:1.0', 'C16468T:1.0', 'C17999T:1.0', 'T26987C:1.0']",,0.9999384931158501
EPI ISL 1046339,"['1-54', '11288-11296', '21765-21770', '21991-21993', '28271-28271', '29837-29891']","['}', 'mutations={G1729A:1.0', 'A2510G:1.0', 'T4324C:1.0', 'C6428T:1.0', 'C22208T:1.0', 'C28706T:1.0']",,0.9999272774107854
EPI ISL 987872,"['1-54', '11288-11296', '21765-21770', '21991-21993', '25202', '28271-28271', '29837-29891']","['}', 'mutations={G8600T:1.0', 'C20762T:1.0', 'C24378T:1.0', 'G25009A:1.0', 'C25624T:1.0']",,0.9999384924272258
EPI ISL 718741,"['1-54', '11288-11296', '21765-21770', '21991-21993', '28271-28271', '29837-29891']","['}', 'mutations={C2940T:1.0', 'G6653A:1.0', 'G21624A:1.0', 'C25904T:1.0', 'C27603T:1.0']",,1.0
EPI ISL 1148223,"['1-30', '1681-1681', '11288-11296', '21765-21770', '21991-21993', '26010-26010', '27451-27451', '28271-28271', '29800-29800']","['}', 'mutations={C2062T:1.0', 'A6248T:1.0', 'T6262C:1.0', 'C29218T:1.0']",,1.0
EPI ISL 959039,"['1-54', '11288-11296', '13620', '21765-21770', '21991-21993', '23693', '25563', '28271-28271', '29837-29891']","['}', 'mutations={C5512T:1.0', 'C6525T:1.0', 'A16748G:1.0', 'C28725T:1.0', 'C29272T:1.0']",,1.0
EPI ISL 488994,"['1-54', '29837-29891']","['in7:0.49994174277359776}', 'mutations={C16289T:1.0', 'C21304A:1.0', 'G21305A:1.0', 'G25429T:1.0', 'C29679T:1.0']",,0.5000582572264023
EPI ISL 475661,[''],"['}', 'mutations={C13536T:1.0']",,1.0
EPI ISL 994697,"['1-9', '19285-19369', '19485-19561', '27626-27646', '29736-29743', '29842-29891']","['}', 'mutations={A12T:1.0', 'C1093T:1.0', 'C3602T:1.0', 'C7488A:1.0', 'A9547G:1.0', 'C11916T:1.0', 'C12932T:1.0', 'C16650T:1.0', 'G17572T:1.0', 'G18027T:1.0', 'A20675T:1.0', 'C29095T:1.0', 'G29179T:1.0', 'G29755T:1.0', 'G29779T:1.0']",,0.9908503712201802
EPI ISL 622631,"['1-54', '635-635', '4540-4540', '29837-29891']","['}', 'mutations={T358C:1.0', 'C1302T:1.0', 'G4288A:1.0']",,0.9934321673384925
EPI ISL 494504,"['1-54', '29837-29891']","['}', 'mutations={A9562G:1.0', 'G16710A:1.0', 'G17893T:1.0', 'C21575T:1.0']",,0.9999497387707758
EPI ISL 653586,['29841-29891'],"['}', 'mutations={T833C:1.0', 'A3627G:1.0', 'C11514T:1.0', 'A17614G:1.0', 'G20342T:1.0', 'T21802C:1.0']",,0.9999274585620892
EPI ISL 571777,"['1-54', '23501-23596', '23695-23812', '29837-29891']","['}', 'mutations={G1067A:1.0', 'A29122G:1.0']",,0.9999720092805583
EPI ISL 889760,['29841-29891'],"['}', 'mutations={T1482A:1.0', 'C7321T:1.0', 'C7834T:1.0', 'C10030T:1.0', 'A11782G:1.0', 'G14584A:1.0', 'C16694T:1.0', 'T17407C:1.0', 'C21057T:1.0', 'A25105G:1.0', 'G25234A:1.0', 'T27988C:1.0', 'C28892T:1.0']",,0.99984893613718
EPI ISL 1029413,"['1-54', '29768-29891']","['}', 'mutations={A1850C:1.0', 'C3448T:1.0', 'G9928T:1.0', 'C17747T:1.0', 'A25768C:1.0', 'C27923T:1.0', 'G29422T:1.0']",,1.0
EPI ISL 1114062,"['1-54', '29837-29891']","['}', 'mutations={C203T:1.0', 'C2094T:1.0', 'G8083A:1.0', 'C8123T:1.0', 'T12034C:1.0', 'C14805T:1.0', 'G26654T:1.0', 'C27509T:1.0', 'G29402T:1.0']",,1.0
EPI ISL 1080295,"['1-47', '512', '10146', '16868-16868', '18424', '21304', '22327-22526', '24359-24359', '24405-24405', '25907', '28472', '28869', '29852-29891']","['in37:0.4993855561058972}', 'mutations={C17024T:1.0', 'C25342A:1.0']",,0.5006004427220271
EPI ISL 1041476,"['1-17', '11288-11296', '28271-28271', '29784-29891']","['}', 'mutations={G2323A:1.0', 'A2410G:1.0', 'T9867C:1.0', 'T12454C:1.0', 'G13762A:1.0', 'A16500C:1.0', 'A20262G:1.0', 'C21575T:1.0', 'C21846T:1.0', 'A22320G:1.0', 'C25517T:1.0', 'T25745C:1.0', 'C27925T:1.0', 'C28869T:1.0', 'G28975A:1.0']",,0.9999760974498849
EPI ISL 1057074,"['1-54', '11288-11296', '22281-22289', '22434-22542', '29837-29891']","['}', 'mutations={A143T:1.0', 'G174T:1.0', 'C936T:1.0', 'A2692T:1.0', 'G5230T:1.0', 'T9421C:1.0', 'A10323G:1.0', 'C19263T:1.0', 'G21157A:1.0', 'C21614T:1.0', 'A21801C:1.0', 'A22206G:1.0', 'G22813T:1.0', 'A23063T:1.0', 'C25904T:1.0', 'C26456T:1.0', 'C26645T:1.0', 'C28253T:1.0', 'C28887T:1.0']",,0.994911856446182
EPI ISL 618110,"['1-54', '29837-29891']","['}', 'mutations={C1519T:1.0', 'C2455T:1.0', 'A3027G:1.0', 'G3122T:1.0', 'C5339T:1.0', 'C7267T:1.0', 'T8788C:1.0', 'G19072T:1.0', 'G26951A:1.0']",,0.9933618987569787
EPI ISL 979473,"['1-54', '21717-21737', '21960-21990', '29837-29891']","['}', 'mutations={C3817T:1.0', 'G9738C:1.0', 'C13019T:1.0', 'G13713A:1.0', 'C16394T:1.0', 'G22335T:1.0', 'C22458T:1.0', 'C22597T:1.0', 'C23191T:1.0', 'C26351T:1.0', 'C28087T:1.0', 'C28367T:1.0', 'C29445T:1.0']",,1.0
EPI ISL 1140017,"['1-54', '21887-21990', '29837-29891']","['}', 'mutations={C2395T:1.0', 'T2597C:1.0', 'T2643C:1.0', 'G5008T:1.0', 'T7156A:1.0', 'T7157C:1.0', 'G7160C:1.0', 'A7591G:1.0', 'C8947T:1.0', 'C12100T:1.0', 'A12878G:1.0', 'T23155C:1.0', 'T24349C:1.0', 'G27890T:1.0', 'G28191T:1.0', 'G28975T:1.0', 'C29585T:1.0']",,1.0
EPI ISL 805346,"['1-27', '23122', '29866-29891']","['EPI_ISL_543329:0.06885995049986467}', 'mutations={C1913T:1.0', 'C2416T:1.0', 'G2528A:1.0', 'T3325C:1.0', 'C10456T:1.0', 'C12525T:1.0', 'C16806T:1.0', 'G20014T:1.0', 'A25718G:1.0']",,0.9309587022870983
EPI ISL 1085550,"['1-37', '29857-29891']","['EPI_ISL_543329:0.06005628270710915', 'EPI_ISL_914595:0.03424687226953999']","['C4543T:1.0', 'G5629T:1.0', 'G9526T:1.0', 'G9761T:1.0', 'C11497T:1.0', 'G13993T:1.0', 'G15766T:1.0', 'A16889G:1.0', 'G17019T:1.0', 'G17761T:1.0', 'C18877T:1.0', 'G21941T:1.0', 'G22346T:1.0', 'G22992A:1.0', 'C24621T:1.0', 'C25710T:1.0', 'G26062T:1.0', 'C26735T:1.0', 'T26876C:1.0', 'G28975C:1.0', 'G29399A:1.0']",0.9052588533252869
EPI ISL 1142098,"['1-54', '27366-27366', '27376-27376', '29495-29496', '29501-29502', '29505-29505', '29507-29507', '29509-29891']","['in7:0.4999419016536478}', 'mutations={T2845C:1.0', 'C3276A:1.0', 'C3602T:1.0', 'C3653T:1.0', 'A4209G:1.0', 'G6341T:1.0', 'C6941T:1.0', 'C11020T:1.0', 'C15324T:1.0', 'T17407C:1.0', 'C18788T:1.0', 'G20718T:1.0', 'C21855T:1.0', 'A25505G:1.0', 'G25906C:1.0', 'G25996T:1.0', 'C26340T:1.0', 'C28651T:1.0', 'C28869T:1.0']",,0.5000580983463522
EPI ISL 625407,"['1-54', '29837-29891']","['EPI_ISL_823224:0.46909624822449875}', 'mutations={C24334T:1.0']",,0.5309037517755013
EPI ISL 1148441,"['1-12', '29867-29867']","['}', 'mutations={C6040T:1.0', 'T7076C:1.0', 'G7693A:1.0', 'T15726C:1.0', 'G20274T:1.0', 'C26013T:1.0', 'G26801T:1.0', 'G27870T:1.0']",,1.0
EPI ISL 642391,"['1-54', '29837-29891']","['}', 'mutations={C7843T:1.0', 'C22329T:1.0']",,0.9998124886125772
EPI ISL 580767,"['1-54', '29837-29891']","['}', 'mutations={G22205C:1.0', 'T28516C:1.0']",,0.9998124886125772
EPI ISL 823224,"['1-17', '29837-29859']","['}', 'mutations={C13554T:1.0', 'C15480T:1.0', 'A19821G:1.0', 'T25655C:1.0', 'C28087T:1.0', 'G29861A:1.0', 'G29862A:1.0', 'G29864A:1.0', 'T29867A:1.0', 'G29868A:1.0', 'C29870A:1.0']",,1.0
EPI ISL 737654,"['1-29', '12119', '19298-19548', '22347-22374', '25584', '29869-29891']","['}', 'mutations={T1216C:1.0', 'A21222T:1.0', 'C25889T:1.0']",,1.0
EPI ISL 633995,"['1-54', '29837-29891']","['}', 'mutations={C66T:1.0', 'A1987G:1.0', 'G6476T:1.0', 'G10870T:1.0', 'A11781G:1.0', 'G19613T:1.0', 'C25614T:1.0', 'G25699T:1.0', 'C28256T:1.0']",,1.0
EPI ISL 643972,"['1-54', '29837-29891']","['}', 'mutations={C17004T:1.0', 'G23311C:1.0', 'C27213T:1.0', 'T29185A:1.0']",,1.0
EPI ISL 675244,"['1-54', '29357-29510', '29837-29891']","['}', 'mutations={T10999C:1.0', 'G23868T:1.0']",,0.9999426454598925
EPI ISL 711479,"['1-54', '29837-29891']","['}', 'mutations={G22104T:1.0', 'T24814C:1.0', 'G25757T:1.0', 'T26043C:1.0']",,1.0
EPI ISL 656195,"['1-54', '686-694', '10738-10873', '29837-29891']","['}', 'mutations={G5461C:1.0', 'A13285G:1.0', 'T20907A:1.0', 'C23707T:1.0']",,1.0
EPI ISL 606257,"['1-54', '29837-29891']","['}', 'mutations={T8662C:1.0', 'T10612A:1.0', 'A24813G:1.0', 'C28519T:1.0']",,1.0
EPI ISL 1194593,"['1-38', '22342-22346', '22362-22369', '22371-22374', '22377-22379', '22384-22404', '22420-22423', '22517-22523', '29844-29891']","['}', 'mutations={G1685A:1.0', 'C10833T:1.0', 'C16308T:1.0', 'A20284G:1.0', 'T22768C:1.0', 'C25886T:1.0', 'G29402T:1.0']",,1.0
EPI ISL 931036,"['1-38', '21163-21224', '21347-21371', '22341-22342', '29852-29891']","['}', 'mutations={C12809T:1.0', 'G28209T:1.0', 'C28344T:1.0']",,1.0
EPI ISL 1208482,"['1-39', '3869', '22342-22342', '29852-29891']","['}', 'mutations={C5170T:1.0', 'G11083T:1.0', 'G11132T:1.0', 'G26062T:1.0', 'C27982T:1.0', 'G29751T:1.0']",,1.0
EPI ISL 610745,"['1-54', '29837-29891']","['}', 'mutations={A1371G:1.0', 'C1385T:1.0', 'C6896T:1.0', 'C9532T:1.0', 'C11224T:1.0', 'C14358T:1.0', 'C16323T:1.0', 'G18972T:1.0', 'A19175C:1.0', 'C20930T:1.0', 'C22987T:1.0', 'G23593T:1.0', 'T28098C:1.0', 'T28251G:1.0', 'T28282A:1.0']",,1.0
EPI ISL 843183,['1-37'],"['}', 'mutations={G1444T:1.0', 'A4870G:1.0', 'C5310T:1.0', 'G6618A:1.0', 'C10741T:1.0', 'C14786T:1.0', 'C17518T:1.0', 'C19186T:1.0', 'C23604A:1.0', 'T24076C:1.0', 'C28887T:1.0', 'G29266A:1.0', 'T29710C:1.0', 'A29869C:1.0']",,1.0
EPI ISL 869222,"['1-54', '16255-16256', '24981-24982', '29837-29891']","['}', 'mutations={C583T:1.0', 'A6211G:1.0', 'G6404T:1.0', 'C8476T:1.0', 'C11575T:1.0', 'A18518G:1.0', 'C19029T:1.0', 'A19799G:1.0', 'G21974T:1.0', 'A25136C:1.0', 'G25489T:1.0', 'G25726T:1.0', 'C27944T:1.0', 'C28087T:1.0', 'C28311T:1.0', 'T28738A:1.0', 'C29358T:1.0', 'C29545T:1.0']",,1.0
EPI ISL 914595,"['1-12', '15952-15952', '19395-19395', '19399-19399', '19432-19454', '29809-29814', '29816-29859']","['in27:0.21005683474732648}', 'mutations={C1059T:1.0', 'C7728T:1.0', 'T22873C:1.0', 'G25563T:1.0', 'C28609T:1.0', 'G28621A:1.0', 'G28899T:1.0', 'G28985T:1.0', 'G29395A:1.0', 'G29628T:1.0', 'G29861A:1.0', 'G29864A:1.0', 'T29867A:1.0']",,0.7899090815822319
EPI ISL 559392,"['1-54', '29837-29891']","['in7:0.4999417685218649}', 'mutations={G25217T:1.0', 'C25350T:1.0', 'C25731T:1.0']",,0.5000582314781351
EPI ISL 469674,"['1-54', '29837-29891']","['in7:0.49994174277359776}', 'mutations={A187G:1.0', 'G15543T:1.0', 'A17205G:1.0', 'C19066A:1.0', 'C25584T:1.0']",,0.5000582572264023
